{
    "head": {
        "optimistic": {
            "adjusted_arithmetic_mean_rank_index": 0.06692402175820333,
            "count": 120.0,
            "standard_deviation": 139.87975391583856,
            "median_rank": 219.5,
            "adjusted_arithmetic_mean_rank": 0.9333566311375152,
            "median_absolute_deviation": 183.10137398544185,
            "inverse_arithmetic_mean_rank": 0.004493035794518496,
            "geometric_mean_rank": 151.4334344907398,
            "z_geometric_mean_rank": 1.6467799401932925,
            "adjusted_inverse_harmonic_mean_rank": 0.011916202508973624,
            "adjusted_geometric_mean_rank_index": 0.14648898336709992,
            "variance": 19566.345555555552,
            "harmonic_mean_rank": 38.584560659877724,
            "inverse_median_rank": 0.004555808656036446,
            "inverse_harmonic_mean_rank": 0.025917102149094914,
            "inverse_geometric_mean_rank": 0.006603561514423357,
            "arithmetic_mean_rank": 222.56666666666666,
            "z_arithmetic_mean_rank": 1.2671155085456824,
            "z_inverse_harmonic_mean_rank": 2.2568724672173004,
            "hits_at_1": 0.008333333333333333,
            "hits_at_3": 0.025,
            "hits_at_5": 0.025,
            "hits_at_10": 0.041666666666666664,
            "z_hits_at_k": 1.5775026684948428,
            "adjusted_hits_at_k": 0.02109744974349342
        },
        "realistic": {
            "adjusted_arithmetic_mean_rank_index": 0.06692402604212377,
            "count": 120.0,
            "standard_deviation": 139.8797607421875,
            "median_rank": 219.5,
            "adjusted_arithmetic_mean_rank": 0.9333566268715598,
            "median_absolute_deviation": 183.10137939453125,
            "inverse_arithmetic_mean_rank": 0.004493035841733217,
            "geometric_mean_rank": 151.4333953857422,
            "z_geometric_mean_rank": 1.6467824343723443,
            "adjusted_inverse_harmonic_mean_rank": 0.011916202004155694,
            "adjusted_geometric_mean_rank_index": 0.14648920523630338,
            "variance": 19566.345703125,
            "harmonic_mean_rank": 38.58456039428711,
            "inverse_median_rank": 0.00455580884590745,
            "inverse_harmonic_mean_rank": 0.02591710165143013,
            "inverse_geometric_mean_rank": 0.006603563204407692,
            "arithmetic_mean_rank": 222.56666564941406,
            "z_arithmetic_mean_rank": 1.2671155896559014,
            "z_inverse_harmonic_mean_rank": 2.256872371607169,
            "hits_at_1": 0.008333333333333333,
            "hits_at_3": 0.025,
            "hits_at_5": 0.025,
            "hits_at_10": 0.041666666666666664,
            "z_hits_at_k": 1.5775026684948428,
            "adjusted_hits_at_k": 0.02109744974349342
        },
        "pessimistic": {
            "adjusted_arithmetic_mean_rank_index": 0.06692402175820333,
            "count": 120.0,
            "standard_deviation": 139.87975391583856,
            "median_rank": 219.5,
            "adjusted_arithmetic_mean_rank": 0.9333566311375152,
            "median_absolute_deviation": 183.10137398544185,
            "inverse_arithmetic_mean_rank": 0.004493035794518496,
            "geometric_mean_rank": 151.4334344907398,
            "z_geometric_mean_rank": 1.6467799401932925,
            "adjusted_inverse_harmonic_mean_rank": 0.011916202508973624,
            "adjusted_geometric_mean_rank_index": 0.14648898336709992,
            "variance": 19566.345555555552,
            "harmonic_mean_rank": 38.584560659877724,
            "inverse_median_rank": 0.004555808656036446,
            "inverse_harmonic_mean_rank": 0.025917102149094914,
            "inverse_geometric_mean_rank": 0.006603561514423357,
            "arithmetic_mean_rank": 222.56666666666666,
            "z_arithmetic_mean_rank": 1.2671155085456824,
            "z_inverse_harmonic_mean_rank": 2.2568724672173004,
            "hits_at_1": 0.008333333333333333,
            "hits_at_3": 0.025,
            "hits_at_5": 0.025,
            "hits_at_10": 0.041666666666666664,
            "z_hits_at_k": 1.5775026684948428,
            "adjusted_hits_at_k": 0.02109744974349342
        }
    },
    "tail": {
        "optimistic": {
            "adjusted_arithmetic_mean_rank_index": 0.0654392776206455,
            "count": 120.0,
            "standard_deviation": 138.0058269200576,
            "median_rank": 221.0,
            "adjusted_arithmetic_mean_rank": 0.93483547049665,
            "median_absolute_deviation": 184.58397620394743,
            "inverse_arithmetic_mean_rank": 0.004491186047382013,
            "geometric_mean_rank": 157.19022830723765,
            "z_geometric_mean_rank": 1.2678665761007526,
            "adjusted_inverse_harmonic_mean_rank": 0.002208551398280677,
            "adjusted_geometric_mean_rank_index": 0.1127810631962779,
            "variance": 19045.608263888887,
            "harmonic_mean_rank": 61.11978361749391,
            "inverse_median_rank": 0.004524886877828055,
            "inverse_harmonic_mean_rank": 0.01636131446829561,
            "inverse_geometric_mean_rank": 0.006361718605341298,
            "arithmetic_mean_rank": 222.65833333333333,
            "z_arithmetic_mean_rank": 1.2389917945273865,
            "z_inverse_harmonic_mean_rank": 0.41804583458246736,
            "hits_at_1": 0.0,
            "hits_at_3": 0.008333333333333333,
            "hits_at_5": 0.008333333333333333,
            "hits_at_10": 0.03333333333333333,
            "z_hits_at_k": 0.9385722762561628,
            "adjusted_hits_at_k": 0.01256004466706256
        },
        "realistic": {
            "adjusted_arithmetic_mean_rank_index": 0.06543924759790642,
            "count": 120.0,
            "standard_deviation": 138.0058135986328,
            "median_rank": 221.0,
            "adjusted_arithmetic_mean_rank": 0.934835500393338,
            "median_absolute_deviation": 184.583984375,
            "inverse_arithmetic_mean_rank": 0.004491185769438744,
            "geometric_mean_rank": 157.190185546875,
            "z_geometric_mean_rank": 1.2678693066856983,
            "adjusted_inverse_harmonic_mean_rank": 0.0022085536276131596,
            "adjusted_geometric_mean_rank_index": 0.1127813060911369,
            "variance": 19045.60546875,
            "harmonic_mean_rank": 61.119773864746094,
            "inverse_median_rank": 0.004524887073785067,
            "inverse_harmonic_mean_rank": 0.016361316666007042,
            "inverse_geometric_mean_rank": 0.006361720152199268,
            "arithmetic_mean_rank": 222.65834045410156,
            "z_arithmetic_mean_rank": 1.2389912260931268,
            "z_inverse_harmonic_mean_rank": 0.4180462565618517,
            "hits_at_1": 0.0,
            "hits_at_3": 0.008333333333333333,
            "hits_at_5": 0.008333333333333333,
            "hits_at_10": 0.03333333333333333,
            "z_hits_at_k": 0.9385722762561628,
            "adjusted_hits_at_k": 0.01256004466706256
        },
        "pessimistic": {
            "adjusted_arithmetic_mean_rank_index": 0.0654392776206455,
            "count": 120.0,
            "standard_deviation": 138.0058269200576,
            "median_rank": 221.0,
            "adjusted_arithmetic_mean_rank": 0.93483547049665,
            "median_absolute_deviation": 184.58397620394743,
            "inverse_arithmetic_mean_rank": 0.004491186047382013,
            "geometric_mean_rank": 157.19022830723765,
            "z_geometric_mean_rank": 1.2678665761007526,
            "adjusted_inverse_harmonic_mean_rank": 0.002208551398280677,
            "adjusted_geometric_mean_rank_index": 0.1127810631962779,
            "variance": 19045.608263888887,
            "harmonic_mean_rank": 61.11978361749391,
            "inverse_median_rank": 0.004524886877828055,
            "inverse_harmonic_mean_rank": 0.01636131446829561,
            "inverse_geometric_mean_rank": 0.006361718605341298,
            "arithmetic_mean_rank": 222.65833333333333,