{
    "head": {
        "optimistic": {
            "standard_deviation": 109.56395392646252,
            "median_rank": 14.5,
            "adjusted_arithmetic_mean_rank": 0.30487506552507426,
            "median_absolute_deviation": 20.015129949825628,
            "inverse_arithmetic_mean_rank": 0.013755158184319119,
            "z_geometric_mean_rank": 10.252761561422952,
            "geometric_mean_rank": 16.504512406288143,
            "adjusted_inverse_harmonic_mean_rank": 0.23177413510363173,
            "adjusted_geometric_mean_rank_index": 0.912032373713418,
            "variance": 12004.260000000002,
            "harmonic_mean_rank": 4.120997379293598,
            "inverse_median_rank": 0.06896551724137931,
            "inverse_harmonic_mean_rank": 0.24265970297011333,
            "inverse_geometric_mean_rank": 0.060589490642510874,
            "arithmetic_mean_rank": 72.7,
            "z_arithmetic_mean_rank": 13.216672564489837,
            "z_inverse_harmonic_mean_rank": 43.89692636849489,
            "adjusted_arithmetic_mean_rank_index": 0.6980522898754168,
            "count": 120.0,
            "hits_at_1": 0.14166666666666666,
            "hits_at_3": 0.25,
            "hits_at_5": 0.35833333333333334,
            "hits_at_10": 0.43333333333333335,
            "z_hits_at_k": 31.491856005466413,
            "adjusted_hits_at_k": 0.42117066593528313
        },
        "realistic": {
            "standard_deviation": 109.56394958496094,
            "median_rank": 14.5,
            "adjusted_arithmetic_mean_rank": 0.30487505272720816,
            "median_absolute_deviation": 20.0151309967041,
            "inverse_arithmetic_mean_rank": 0.01375515852123499,
            "z_geometric_mean_rank": 10.252761537149139,
            "geometric_mean_rank": 16.504512786865234,
            "adjusted_inverse_harmonic_mean_rank": 0.2317741350295404,
            "adjusted_geometric_mean_rank_index": 0.9120323715541458,
            "variance": 12004.259765625,
            "harmonic_mean_rank": 4.120997428894043,
            "inverse_median_rank": 0.06896551698446274,
            "inverse_harmonic_mean_rank": 0.24265970289707184,
            "inverse_geometric_mean_rank": 0.060589488595724106,
            "arithmetic_mean_rank": 72.69999694824219,
            "z_arithmetic_mean_rank": 13.216672807820492,
            "z_inverse_harmonic_mean_rank": 43.89692635446234,
            "adjusted_arithmetic_mean_rank_index": 0.6980523027271781,
            "count": 120.0,
            "hits_at_1": 0.14166666666666666,
            "hits_at_3": 0.25,
            "hits_at_5": 0.35833333333333334,
            "hits_at_10": 0.43333333333333335,
            "z_hits_at_k": 31.491856005466413,
            "adjusted_hits_at_k": 0.42117066593528313
        },
        "pessimistic": {
            "standard_deviation": 109.56395392646252,
            "median_rank": 14.5,
            "adjusted_arithmetic_mean_rank": 0.30487506552507426,
            "median_absolute_deviation": 20.015129949825628,
            "inverse_arithmetic_mean_rank": 0.013755158184319119,
            "z_geometric_mean_rank": 10.252761561422952,
            "geometric_mean_rank": 16.504512406288143,
            "adjusted_inverse_harmonic_mean_rank": 0.23177413510363173,
            "adjusted_geometric_mean_rank_index": 0.912032373713418,
            "variance": 12004.260000000002,
            "harmonic_mean_rank": 4.120997379293598,
            "inverse_median_rank": 0.06896551724137931,
            "inverse_harmonic_mean_rank": 0.24265970297011333,
            "inverse_geometric_mean_rank": 0.060589490642510874,
            "arithmetic_mean_rank": 72.7,
            "z_arithmetic_mean_rank": 13.216672564489837,
            "z_inverse_harmonic_mean_rank": 43.89692636849489,
            "adjusted_arithmetic_mean_rank_index": 0.6980522898754168,
            "count": 120.0,
            "hits_at_1": 0.14166666666666666,
            "hits_at_3": 0.25,
            "hits_at_5": 0.35833333333333334,
            "hits_at_10": 0.43333333333333335,
            "z_hits_at_k": 31.491856005466413,
            "adjusted_hits_at_k": 0.42117066593528313
        }
    },
    "tail": {
        "optimistic": {
            "standard_deviation": 103.53050543465706,
            "median_rank": 29.5,
            "adjusted_arithmetic_mean_rank": 0.3532354844917167,
            "median_absolute_deviation": 40.030259899651256,
            "inverse_arithmetic_mean_rank": 0.011885895404120442,
            "z_geometric_mean_rank": 9.532300582657541,
            "geometric_mean_rank": 27.771000451258757,
            "adjusted_inverse_harmonic_mean_rank": 0.14186253704616322,
            "adjusted_geometric_mean_rank_index": 0.8479307008194114,
            "variance": 10718.565555555555,
            "harmonic_mean_rank": 6.492054823498583,
            "inverse_median_rank": 0.03389830508474576,
            "inverse_harmonic_mean_rank": 0.15403443550421186,
            "inverse_geometric_mean_rank": 0.03600878555870225,
            "arithmetic_mean_rank": 84.13333333333334,
            "z_arithmetic_mean_rank": 12.297118291401903,
            "z_inverse_harmonic_mean_rank": 26.852462089683588,
            "adjusted_arithmetic_mean_rank_index": 0.6494914182316462,
            "count": 120.0,
            "hits_at_1": 0.09166666666666666,
            "hits_at_3": 0.14166666666666666,
            "hits_at_5": 0.18333333333333332,
            "hits_at_10": 0.3,
            "z_hits_at_k": 21.29395269880305,
            "adjusted_hits_at_k": 0.2849572737244246
        },
        "realistic": {
            "standard_deviation": 103.53050231933594,
            "median_rank": 29.5,
            "adjusted_arithmetic_mean_rank": 0.3532354759498058,
            "median_absolute_deviation": 40.0302619934082,
            "inverse_arithmetic_mean_rank": 0.011885895393788815,
            "z_geometric_mean_rank": 9.532300130123563,
            "geometric_mean_rank": 27.771007537841797,
            "adjusted_inverse_harmonic_mean_rank": 0.14186253729452813,
            "adjusted_geometric_mean_rank_index": 0.8479306605649681,
            "variance": 10718.564453125,
            "harmonic_mean_rank": 6.4920549392700195,
            "inverse_median_rank": 0.033898305147886276,
            "inverse_harmonic_mean_rank": 0.15403443574905396,
            "inverse_geometric_mean_rank": 0.03600877523422241,
            "arithmetic_mean_rank": 84.13333129882812,
            "z_arithmetic_mean_rank": 12.297118453811692,
            "z_inverse_harmonic_mean_rank": 26.85246213669536,
            "adjusted_arithmetic_mean_rank_index": 0.6494914268095717,
            "count": 120.0,
            "hits_at_1": 0.09166666666666666,
            "hits_at_3": 0.14166666666666666,
            "hits_at_5": 0.18333333333333332,
            "hits_at_10": 0.3,
            "z_hits_at_k": 21.29395269880305,
            "adjusted_hits_at_k": 0.2849572737244246
        },
        "pessimistic": {
            "standard_deviation": 103.53050543465706,
            "median_rank": 29.5,
            "adjusted_arithmetic_mean_rank": 0.3532354844917167,
            "median_absolute_deviation": 40.030259899651256,
            "inverse_arithmetic_mean_rank": 0.011885895404120442,
            "z_geometric_mean_rank": 9.532300582657541,
            "geometric_mean_rank": 27.771000451258757,
            "adjusted_inverse_harmonic_mean_rank": 0.14186253704616322,
            "adjusted_geometric_mean_rank_index": 0.8479307008194114,
            "variance": 10718.565555555555,
            "harmonic_mean_rank": 6.492054823498583,
            "inverse_median_rank": 0.03389830508474576,
            "inverse_harmonic_mean_rank": 0.15403443550421186,
            "inverse_geometric_mean_rank": 0.03600878555870225,
            "arithmetic_mean_rank": 84.13333333333334,
            "z_arithmetic_mean_rank": 12.297118291401903,
            "z_inverse_harmonic_mean_rank": 26.852462089683588,