{
    "head": {
        "optimistic": {
            "adjusted_arithmetic_mean_rank_index": 0.8696964379715739,
            "count": 120.0,
            "standard_deviation": 70.23108236782028,
            "median_rank": 6.0,
            "adjusted_arithmetic_mean_rank": 0.13395072514415515,
            "median_absolute_deviation": 5.930408874022408,
            "inverse_arithmetic_mean_rank": 0.031307070180015655,
            "geometric_mean_rank": 9.225864291212872,
            "z_geometric_mean_rank": 10.717005334648455,
            "adjusted_inverse_harmonic_mean_rank": 0.2043147253024838,
            "adjusted_geometric_mean_rank_index": 0.9533290865980358,
            "variance": 4932.404930555555,
            "harmonic_mean_rank": 4.638447272365253,
            "inverse_median_rank": 0.16666666666666666,
            "inverse_harmonic_mean_rank": 0.2155893861201696,
            "inverse_geometric_mean_rank": 0.10839092885340237,
            "arithmetic_mean_rank": 31.941666666666666,
            "z_arithmetic_mean_rank": 16.46652151692661,
            "z_inverse_harmonic_mean_rank": 38.696243860826975,
            "hits_at_1": 0.0,
            "hits_at_3": 0.325,
            "hits_at_5": 0.45,
            "hits_at_10": 0.625,
            "z_hits_at_k": 46.130794872495045,
            "adjusted_hits_at_k": 0.6169511759865844
        },
        "realistic": {
            "adjusted_arithmetic_mean_rank_index": 0.8696964342231436,
            "count": 120.0,
            "standard_deviation": 70.2310791015625,
            "median_rank": 6.0,
            "adjusted_arithmetic_mean_rank": 0.13395072887686607,
            "median_absolute_deviation": 5.930408954620361,
            "inverse_arithmetic_mean_rank": 0.03130706772208214,
            "geometric_mean_rank": 9.225863456726074,
            "z_geometric_mean_rank": 10.717005387873352,
            "adjusted_inverse_harmonic_mean_rank": 0.2043147284316324,
            "adjusted_geometric_mean_rank_index": 0.953329091332646,
            "variance": 4932.404296875,
            "harmonic_mean_rank": 4.638447284698486,
            "inverse_median_rank": 0.1666666716337204,
            "inverse_harmonic_mean_rank": 0.21558938920497894,
            "inverse_geometric_mean_rank": 0.1083909422159195,
            "arithmetic_mean_rank": 31.941667556762695,
            "z_arithmetic_mean_rank": 16.466521445955166,
            "z_inverse_harmonic_mean_rank": 38.696244453472936,
            "hits_at_1": 0.0,
            "hits_at_3": 0.325,
            "hits_at_5": 0.45,
            "hits_at_10": 0.625,
            "z_hits_at_k": 46.130794872495045,
            "adjusted_hits_at_k": 0.6169511759865844
        },
        "pessimistic": {
            "adjusted_arithmetic_mean_rank_index": 0.8696964379715739,
            "count": 120.0,
            "standard_deviation": 70.23108236782028,
            "median_rank": 6.0,
            "adjusted_arithmetic_mean_rank": 0.13395072514415515,
            "median_absolute_deviation": 5.930408874022408,
            "inverse_arithmetic_mean_rank": 0.031307070180015655,
            "geometric_mean_rank": 9.225864291212872,
            "z_geometric_mean_rank": 10.717005334648455,
            "adjusted_inverse_harmonic_mean_rank": 0.2043147253024838,
            "adjusted_geometric_mean_rank_index": 0.9533290865980358,
            "variance": 4932.404930555555,
            "harmonic_mean_rank": 4.638447272365253,
            "inverse_median_rank": 0.16666666666666666,
            "inverse_harmonic_mean_rank": 0.2155893861201696,
            "inverse_geometric_mean_rank": 0.10839092885340237,
            "arithmetic_mean_rank": 31.941666666666666,
            "z_arithmetic_mean_rank": 16.46652151692661,
            "z_inverse_harmonic_mean_rank": 38.696243860826975,
            "hits_at_1": 0.0,
            "hits_at_3": 0.325,
            "hits_at_5": 0.45,
            "hits_at_10": 0.625,
            "z_hits_at_k": 46.130794872495045,
            "adjusted_hits_at_k": 0.6169511759865844
        }
    },
    "tail": {
        "optimistic": {
            "adjusted_arithmetic_mean_rank_index": 0.853345747764524,
            "count": 120.0,
            "standard_deviation": 62.96059393691334,
            "median_rank": 8.5,
            "adjusted_arithmetic_mean_rank": 0.15023704144289138,
            "median_absolute_deviation": 9.636914420286413,
            "inverse_arithmetic_mean_rank": 0.02794597112249651,
            "geometric_mean_rank": 11.788629163007611,
            "z_geometric_mean_rank": 10.55290049635064,
            "adjusted_inverse_harmonic_mean_rank": 0.17233643420341876,
            "adjusted_geometric_mean_rank_index": 0.9387165496887253,
            "variance": 3964.036388888889,
            "harmonic_mean_rank": 5.432536131561818,
            "inverse_median_rank": 0.11764705882352941,
            "inverse_harmonic_mean_rank": 0.1840760881810291,
            "inverse_geometric_mean_rank": 0.08482750506207898,
            "arithmetic_mean_rank": 35.78333333333333,
            "z_arithmetic_mean_rank": 16.156785615884004,
            "z_inverse_harmonic_mean_rank": 32.62071624034663,
            "hits_at_1": 0.0,
            "hits_at_3": 0.2833333333333333,
            "hits_at_5": 0.375,
            "hits_at_10": 0.5166666666666667,
            "z_hits_at_k": 37.8326992921224,
            "adjusted_hits_at_k": 0.5062800223335314
        },
        "realistic": {
            "adjusted_arithmetic_mean_rank_index": 0.8533457499090054,
            "count": 120.0,
            "standard_deviation": 62.960594177246094,
            "median_rank": 8.5,
            "adjusted_arithmetic_mean_rank": 0.15023703930741367,
            "median_absolute_deviation": 9.636914253234863,
            "inverse_arithmetic_mean_rank": 0.027945971116423607,
            "geometric_mean_rank": 11.788630485534668,
            "z_geometric_mean_rank": 10.552900411896902,
            "adjusted_inverse_harmonic_mean_rank": 0.17233643167318424,
            "adjusted_geometric_mean_rank_index": 0.9387165421762768,
            "variance": 3964.036376953125,
            "harmonic_mean_rank": 5.4325361251831055,
            "inverse_median_rank": 0.11764705926179886,
            "inverse_harmonic_mean_rank": 0.18407608568668365,
            "inverse_geometric_mean_rank": 0.0848274976015091,
            "arithmetic_mean_rank": 35.78333282470703,
            "z_arithmetic_mean_rank": 16.15678565648645,
            "z_inverse_harmonic_mean_rank": 32.62071576141098,
            "hits_at_1": 0.0,
            "hits_at_3": 0.2833333333333333,
            "hits_at_5": 0.375,
            "hits_at_10": 0.5166666666666667,
            "z_hits_at_k": 37.8326992921224,
            "adjusted_hits_at_k": 0.5062800223335314
        },
        "pessimistic": {
            "adjusted_arithmetic_mean_rank_index": 0.853345747764524,
            "count": 120.0,
            "standard_deviation": 62.96059393691334,
            "median_rank": 8.5,
            "adjusted_arithmetic_mean_rank": 0.15023704144289138,
            "median_absolute_deviation": 9.636914420286413,
            "inverse_arithmetic_mean_rank": 0.02794597112249651,
            "geometric_mean_rank": 11.788629163007611,
            "z_geometric_mean_rank": 10.55290049635064,
            "adjusted_inverse_harmonic_mean_rank": 0.17233643420341876,
            "adjusted_geometric_mean_rank_index": 0.9387165496887253,
            "variance": 3964.036388888889,
            "harmonic_mean_rank": 5.432536131561818,
            "inverse_median_rank": 0.11764705882352941,
            "inverse_harmonic_mean_rank": 0.1840760881810291,
            "inverse_geometric_mean_rank": 0.08482750506207898,
            "arithmetic_mean_rank": 35.78333333333333,
            "z_arithmetic_mean_rank": 16.156785615884004,
            "z_inverse_harmonic_mean_rank": 32.62071624034663,
            "hits_at_1": 0.0,
            "hits_at_3": 0.2833333333333333,