{
    "head": {
        "optimistic": {
            "adjusted_arithmetic_mean_rank_index": 0.9685207931216003,
            "count": 120.0,
            "standard_deviation": 39.91093469631264,
            "median_rank": 1.0,
            "adjusted_arithmetic_mean_rank": 0.035540800279573646,
            "median_absolute_deviation": 0.0,
            "inverse_arithmetic_mean_rank": 0.11799410029498525,
            "geometric_mean_rank": 1.702463494206823,
            "z_geometric_mean_rank": 11.196859823870966,
            "adjusted_inverse_harmonic_mean_rank": 0.8022614131086427,
            "adjusted_geometric_mean_rank_index": 0.9960144476318203,
            "variance": 1592.882708333332,
            "harmonic_mean_rank": 1.2421383213299926,
            "inverse_median_rank": 1.0,
            "inverse_harmonic_mean_rank": 0.8050633193002787,
            "inverse_geometric_mean_rank": 0.5873841074436075,
            "arithmetic_mean_rank": 8.475,
            "z_arithmetic_mean_rank": 18.337626536362702,
            "z_inverse_harmonic_mean_rank": 151.9445220398233,
            "hits_at_1": 0.75,
            "hits_at_3": 0.825,
            "hits_at_5": 0.8666666666666667,
            "hits_at_10": 0.9083333333333333,
            "z_hits_at_k": 67.77096537158087,
            "adjusted_hits_at_k": 0.906365843018943
        },
        "realistic": {
            "adjusted_arithmetic_mean_rank_index": 0.9685207915151302,
            "count": 120.0,
            "standard_deviation": 39.91093444824219,
            "median_rank": 1.0,
            "adjusted_arithmetic_mean_rank": 0.0355408018793069,
            "median_absolute_deviation": 0.0,
            "inverse_arithmetic_mean_rank": 0.11799409240484238,
            "geometric_mean_rank": 1.7024635076522827,
            "z_geometric_mean_rank": 11.196859823013392,
            "adjusted_inverse_harmonic_mean_rank": 0.8022614009209766,
            "adjusted_geometric_mean_rank_index": 0.9960144475555351,
            "variance": 1592.882568359375,
            "harmonic_mean_rank": 1.242138385772705,
            "inverse_median_rank": 1.0,
            "inverse_harmonic_mean_rank": 0.8050633072853088,
            "inverse_geometric_mean_rank": 0.5873841047286987,
            "arithmetic_mean_rank": 8.475000381469727,
            "z_arithmetic_mean_rank": 18.33762650594637,
            "z_inverse_harmonic_mean_rank": 151.94451973153693,
            "hits_at_1": 0.75,
            "hits_at_3": 0.825,
            "hits_at_5": 0.8666666666666667,
            "hits_at_10": 0.9083333333333333,
            "z_hits_at_k": 67.77096537158087,
            "adjusted_hits_at_k": 0.906365843018943
        },
        "pessimistic": {
            "adjusted_arithmetic_mean_rank_index": 0.9685207931216003,
            "count": 120.0,
            "standard_deviation": 39.91093469631264,
            "median_rank": 1.0,
            "adjusted_arithmetic_mean_rank": 0.035540800279573646,
            "median_absolute_deviation": 0.0,
            "inverse_arithmetic_mean_rank": 0.11799410029498525,
            "geometric_mean_rank": 1.702463494206823,
            "z_geometric_mean_rank": 11.196859823870966,
            "adjusted_inverse_harmonic_mean_rank": 0.8022614131086427,
            "adjusted_geometric_mean_rank_index": 0.9960144476318203,
            "variance": 1592.882708333332,
            "harmonic_mean_rank": 1.2421383213299926,
            "inverse_median_rank": 1.0,
            "inverse_harmonic_mean_rank": 0.8050633193002787,
            "inverse_geometric_mean_rank": 0.5873841074436075,
            "arithmetic_mean_rank": 8.475,
            "z_arithmetic_mean_rank": 18.337626536362702,
            "z_inverse_harmonic_mean_rank": 151.9445220398233,
            "hits_at_1": 0.75,
            "hits_at_3": 0.825,
            "hits_at_5": 0.8666666666666667,
            "hits_at_10": 0.9083333333333333,
            "z_hits_at_k": 67.77096537158087,
            "adjusted_hits_at_k": 0.906365843018943
        }
    },
    "tail": {
        "optimistic": {
            "adjusted_arithmetic_mean_rank_index": 0.9682026597333239,
            "count": 120.0,
            "standard_deviation": 41.84353710218847,
            "median_rank": 1.0,
            "adjusted_arithmetic_mean_rank": 0.035862358518622184,
            "median_absolute_deviation": 0.0,
            "inverse_arithmetic_mean_rank": 0.11707317073170732,
            "geometric_mean_rank": 1.7021892445339415,
            "z_geometric_mean_rank": 11.1969988923022,
            "adjusted_inverse_harmonic_mean_rank": 0.790493148917579,
            "adjusted_geometric_mean_rank_index": 0.9960113023604463,
            "variance": 1750.8815972222233,
            "harmonic_mean_rank": 1.2602953323819521,
            "inverse_median_rank": 1.0,
            "inverse_harmonic_mean_rank": 0.7934648128149493,
            "inverse_geometric_mean_rank": 0.5874787443353864,
            "arithmetic_mean_rank": 8.541666666666666,
            "z_arithmetic_mean_rank": 18.331424099808853,
            "z_inverse_harmonic_mean_rank": 149.62856124980027,
            "hits_at_1": 0.7166666666666667,
            "hits_at_3": 0.8416666666666667,
            "hits_at_5": 0.875,
            "hits_at_10": 0.9083333333333333,
            "z_hits_at_k": 67.72966428773813,
            "adjusted_hits_at_k": 0.9063634525115319
        },
        "realistic": {
            "adjusted_arithmetic_mean_rank_index": 0.968202658393023,
            "count": 120.0,
            "standard_deviation": 41.843536376953125,
            "median_rank": 1.0,
            "adjusted_arithmetic_mean_rank": 0.03586235985329576,
            "median_absolute_deviation": 0.0,
            "inverse_arithmetic_mean_rank": 0.1170731633901596,
            "geometric_mean_rank": 1.7021894454956055,
            "z_geometric_mean_rank": 11.196998879469222,
            "adjusted_inverse_harmonic_mean_rank": 0.7904931154822001,
            "adjusted_geometric_mean_rank_index": 0.9960113012189089,
            "variance": 1750.8814697265625,
            "harmonic_mean_rank": 1.2602953910827637,
            "inverse_median_rank": 1.0,
            "inverse_harmonic_mean_rank": 0.7934647798538208,
            "inverse_geometric_mean_rank": 0.5874786972999573,
            "arithmetic_mean_rank": 8.541666984558105,
            "z_arithmetic_mean_rank": 18.331424074432324,
            "z_inverse_harmonic_mean_rank": 149.6285549209818,
            "hits_at_1": 0.7166666666666667,
            "hits_at_3": 0.8416666666666667,
            "hits_at_5": 0.875,
            "hits_at_10": 0.9083333333333333,
            "z_hits_at_k": 67.72966428773813,
            "adjusted_hits_at_k": 0.9063634525115319
        },
        "pessimistic": {
            "adjusted_arithmetic_mean_rank_index": 0.9682026597333239,
            "count": 120.0,
            "standard_deviation": 41.84353710218847,
            "median_rank": 1.0,
            "adjusted_arithmetic_mean_rank": 0.035862358518622184,
            "median_absolute_deviation": 0.0,
            "inverse_arithmetic_mean_rank": 0.11707317073170732,
            "geometric_mean_rank": 1.7021892445339415,
            "z_geometric_mean_rank": 11.1969988923022,
            "adjusted_inverse_harmonic_mean_rank": 0.790493148917579,
            "adjusted_geometric_mean_rank_index": 0.9960113023604463,
            "variance": 1750.8815972222233,
            "harmonic_mean_rank": 1.2602953323819521,
            "inverse_median_rank": 1.0,
            "inverse_harmonic_mean_rank": 0.7934648128149493,
            "inverse_geometric_mean_rank": 0.5874787443353864,
            "arithmetic_mean_rank": 8.541666666666666,
            "z_arithmetic_mean_rank": 18.331424099808853,
            "z_inverse_harmonic_mean_rank": 149.62856124980027,
            "hits_at_1": 0.7166666666666667,
            "hits_at_3": 0.8416666666666667,
            "hits_at_5": 0.875,
            "hits_at_10": 0.9083333333333333,